title,percentile,age,raw_score,raw_score_boy,raw_score_girl,
Words Understood,1,8,0,0,0,
Words Understood,2,8,0,0,0,
Words Understood,3,8,0,0,0,
Words Understood,4,8,0,0,0,
Words Understood,5,8,0,0,0,
Words Understood,6,8,0,0,0,
Words Understood,7,8,0,0,0,
Words Understood,8,8,0,0,0,
Words Understood,9,8,0,0,0,
Words Understood,10,8,0,0,0,
Words Understood,11,8,0,0,0,
Words Understood,12,8,0,0,0,
Words Understood,13,8,0,0,0,
Words Understood,14,8,0,0,0,
Words Understood,15,8,0,0,0,
Words Understood,16,8,0,0,0,
Words Understood,17,8,0,0,0,
Words Understood,18,8,0,0,0,
Words Understood,19,8,0,0,0,
Words Understood,20,8,0,0,0,
Words Understood,21,8,0,0,0,
Words Understood,22,8,0,0,0,
Words Understood,23,8,0,0,0,
Words Understood,24,8,0,0,0,
Words Understood,25,8,0,0,0,
Words Understood,26,8,0,0,0,
Words Understood,27,8,0,0,0,
Words Understood,28,8,0,1,0,
Words Understood,29,8,1,1,0,
Words Understood,30,8,1,1,0,
Words Understood,31,8,1,1,1,
Words Understood,32,8,1,1,1,
Words Understood,33,8,1,1,1,
Words Understood,34,8,1,1,1,
Words Understood,35,8,1,1,1,
Words Understood,36,8,1,1,1,
Words Understood,37,8,1,1,1,
Words Understood,38,8,1,1,1,
Words Understood,39,8,1,1,1,
Words Understood,40,8,1,1,1,
Words Understood,41,8,1,1,1,
Words Understood,42,8,1,1,1,
Words Understood,43,8,2,2,1,
Words Understood,44,8,2,2,2,
Words Understood,45,8,2,2,2,
Words Understood,46,8,2,2,2,
Words Understood,47,8,2,2,2,
Words Understood,48,8,2,2,2,
Words Understood,49,8,2,2,2,
Words Understood,50,8,2,2,2,
Words Understood,51,8,3,2,2,
Words Understood,52,8,3,3,3,
Words Understood,53,8,3,3,3,
Words Understood,54,8,3,3,3,
Words Understood,55,8,3,3,3,
Words Understood,56,8,3,3,3,
Words Understood,57,8,4,3,3,
Words Understood,58,8,4,3,4,
Words Understood,59,8,4,4,4,
Words Understood,60,8,4,4,4,
Words Understood,61,8,4,4,4,
Words Understood,62,8,5,4,4,
Words Understood,63,8,5,4,5,
Words Understood,64,8,5,5,5,
Words Understood,65,8,5,5,5,
Words Understood,66,8,6,5,6,
Words Understood,67,8,6,5,6,
Words Understood,68,8,6,6,6,
Words Understood,69,8,6,6,7,
Words Understood,70,8,7,6,7,
Words Understood,71,8,7,6,7,
Words Understood,72,8,7,7,8,
Words Understood,73,8,8,7,8,
Words Understood,74,8,8,7,9,
Words Understood,75,8,9,8,9,
Words Understood,76,8,9,8,9,
Words Understood,77,8,10,8,10,
Words Understood,78,8,10,9,11,
Words Understood,79,8,11,9,11,
Words Understood,80,8,11,10,12,
Words Understood,81,8,12,10,12,
Words Understood,82,8,12,11,13,
Words Understood,83,8,13,11,14,
Words Understood,84,8,14,12,15,
Words Understood,85,8,15,13,16,
Words Understood,86,8,15,13,16,
Words Understood,87,8,16,14,18,
Words Understood,88,8,17,15,19,
Words Understood,89,8,18,16,20,
Words Understood,90,8,20,17,21,
Words Understood,91,8,21,18,23,
Words Understood,92,8,23,19,25,
Words Understood,93,8,24,21,27,
Words Understood,94,8,26,22,29,
Words Understood,95,8,29,24,32,
Words Understood,96,8,32,27,35,
Words Understood,97,8,36,30,40,
Words Understood,98,8,42,35,46,
Words Understood,99,8,51,43,57,
Words Understood,1,9,0,0,0,
Words Understood,2,9,0,0,0,
Words Understood,3,9,0,0,0,
Words Understood,4,9,0,0,0,
Words Understood,5,9,0,0,0,
Words Understood,6,9,0,0,0,
Words Understood,7,9,0,0,0,
Words Understood,8,9,0,0,0,
Words Understood,9,9,0,0,0,
Words Understood,10,9,0,0,0,
Words Understood,11,9,0,0,0,
Words Understood,12,9,0,0,0,
Words Understood,13,9,0,0,0,
Words Understood,14,9,0,0,0,
Words Understood,15,9,0,0,0,
Words Understood,16,9,0,0,0,
Words Understood,17,9,0,0,0,
Words Understood,18,9,0,0,0,
Words Understood,19,9,0,0,0,
Words Understood,20,9,0,0,0,
Words Understood,21,9,0,0,0,
Words Understood,22,9,0,0,0,
Words Understood,23,9,0,0,0,
Words Understood,24,9,0,0,0,
Words Understood,25,9,0,0,0,
Words Understood,26,9,1,1,1,
Words Understood,27,9,1,1,1,
Words Understood,28,9,1,1,1,
Words Understood,29,9,1,1,1,
Words Understood,30,9,1,1,1,
Words Understood,31,9,1,1,1,
Words Understood,32,9,1,1,1,
Words Understood,33,9,1,1,1,
Words Understood,34,9,1,1,1,
Words Understood,35,9,1,1,1,
Words Understood,36,9,1,1,1,
Words Understood,37,9,1,1,1,
Words Understood,38,9,2,1,1,
Words Understood,39,9,2,2,2,
Words Understood,40,9,2,2,2,
Words Understood,41,9,2,2,2,
Words Understood,42,9,2,2,2,
Words Understood,43,9,2,2,2,
Words Understood,44,9,2,2,2,
Words Understood,45,9,2,2,2,
Words Understood,46,9,3,2,3,
Words Understood,47,9,3,3,3,
Words Understood,48,9,3,3,3,
Words Understood,49,9,3,3,3,
Words Understood,50,9,3,3,3,
Words Understood,51,9,3,3,3,
Words Understood,52,9,4,3,4,
Words Understood,53,9,4,4,4,
Words Understood,54,9,4,4,4,
Words Understood,55,9,4,4,4,
Words Understood,56,9,5,4,5,
Words Understood,57,9,5,4,5,
Words Understood,58,9,5,5,5,
Words Understood,59,9,5,5,5,
Words Understood,60,9,6,5,6,
Words Understood,61,9,6,5,6,
Words Understood,62,9,6,6,6,
Words Understood,63,9,7,6,7,
Words Understood,64,9,7,6,7,
Words Understood,65,9,7,7,7,
Words Understood,66,9,8,7,8,
Words Understood,67,9,8,7,8,
Words Understood,68,9,8,8,8,
Words Understood,69,9,9,8,9,
Words Understood,70,9,9,8,9,
Words Understood,71,9,10,9,10,
Words Understood,72,9,10,9,10,
Words Understood,73,9,11,10,11,
Words Understood,74,9,11,10,11,
Words Understood,75,9,12,11,12,
Words Understood,76,9,12,11,13,
Words Understood,77,9,13,12,13,
Words Understood,78,9,14,12,14,
Words Understood,79,9,14,13,15,
Words Understood,80,9,15,14,15,
Words Understood,81,9,16,14,16,
Words Understood,82,9,17,15,17,
Words Understood,83,9,18,16,18,
Words Understood,84,9,19,17,19,
Words Understood,85,9,20,18,20,
Words Understood,86,9,21,19,21,
Words Understood,87,9,22,20,22,
Words Understood,88,9,23,21,24,
Words Understood,89,9,25,22,25,
Words Understood,90,9,26,24,27,
Words Understood,91,9,28,25,29,
Words Understood,92,9,30,27,31,
Words Understood,93,9,33,29,33,
Words Understood,94,9,35,31,36,
Words Understood,95,9,38,34,40,
Words Understood,96,9,42,38,44,
Words Understood,97,9,48,42,49,
Words Understood,98,9,55,49,57,
Words Understood,99,9,67,60,69,
Words Understood,1,10,0,0,0,
Words Understood,2,10,0,0,0,
Words Understood,3,10,0,0,0,
Words Understood,4,10,0,0,0,
Words Understood,5,10,0,0,0,
Words Understood,6,10,0,0,0,
Words Understood,7,10,0,0,0,
Words Understood,8,10,0,0,0,
Words Understood,9,10,0,0,0,
Words Understood,10,10,0,0,0,
Words Understood,11,10,0,0,0,
Words Understood,12,10,0,0,0,
Words Understood,13,10,0,0,0,
Words Understood,14,10,0,0,0,
Words Understood,15,10,0,0,0,
Words Understood,16,10,0,0,0,
Words Understood,17,10,0,0,0,
Words Understood,18,10,0,0,0,
Words Understood,19,10,0,0,0,
Words Understood,20,10,0,0,0,
Words Understood,21,10,0,0,1,
Words Understood,22,10,0,0,1,
Words Understood,23,10,1,0,1,
Words Understood,24,10,1,1,1,
Words Understood,25,10,1,1,1,
Words Understood,26,10,1,1,1,
Words Understood,27,10,1,1,1,
Words Understood,28,10,1,1,1,
Words Understood,29,10,1,1,1,
Words Understood,30,10,1,1,1,
Words Understood,31,10,1,1,1,
Words Understood,32,10,1,1,1,
Words Understood,33,10,1,1,2,
Words Understood,34,10,2,1,2,
Words Understood,35,10,2,2,2,
Words Understood,36,10,2,2,2,
Words Understood,37,10,2,2,2,
Words Understood,38,10,2,2,2,
Words Understood,39,10,2,2,2,
Words Understood,40,10,2,2,3,
Words Understood,41,10,3,2,3,
Words Understood,42,10,3,2,3,
Words Understood,43,10,3,3,3,
Words Understood,44,10,3,3,3,
Words Understood,45,10,3,3,4,
Words Understood,46,10,4,3,4,
Words Understood,47,10,4,3,4,
Words Understood,48,10,4,4,4,
Words Understood,49,10,4,4,4,
Words Understood,50,10,4,4,5,
Words Understood,51,10,5,4,5,
Words Understood,52,10,5,5,5,
Words Understood,53,10,5,5,6,
Words Understood,54,10,6,5,6,
Words Understood,55,10,6,5,6,
Words Understood,56,10,6,6,6,
Words Understood,57,10,7,6,7,
Words Understood,58,10,7,6,7,
Words Understood,59,10,7,7,7,
Words Understood,60,10,8,7,8,
Words Understood,61,10,8,7,8,
Words Understood,62,10,8,8,9,
Words Understood,63,10,9,8,9,
Words Understood,64,10,9,9,9,
Words Understood,65,10,10,9,10,
Words Understood,66,10,10,9,10,
Words Understood,67,10,11,10,11,
Words Understood,68,10,11,10,11,
Words Understood,69,10,12,11,12,
Words Understood,70,10,12,12,13,
Words Understood,71,10,13,12,13,
Words Understood,72,10,14,13,14,
Words Understood,73,10,14,13,14,
Words Understood,74,10,15,14,15,
Words Understood,75,10,16,15,16,
Words Understood,76,10,17,15,17,
Words Understood,77,10,18,16,17,
Words Understood,78,10,18,17,18,
Words Understood,79,10,19,18,19,
Words Understood,80,10,20,19,20,
Words Understood,81,10,21,20,21,
Words Understood,82,10,22,21,22,
Words Understood,83,10,24,22,23,
Words Understood,84,10,25,23,24,
Words Understood,85,10,26,25,26,
Words Understood,86,10,28,26,27,
Words Understood,87,10,29,28,29,
Words Understood,88,10,31,29,30,
Words Understood,89,10,33,31,32,
Words Understood,90,10,35,33,34,
Words Understood,91,10,38,35,36,
Words Understood,92,10,40,38,39,
Words Understood,93,10,43,41,42,
Words Understood,94,10,47,44,45,
Words Understood,95,10,51,48,49,
Words Understood,96,10,56,53,54,
Words Understood,97,10,63,59,60,
Words Understood,98,10,72,68,69,
Words Understood,99,10,88,83,84,
Words Understood,1,11,0,0,0,
Words Understood,2,11,0,0,0,
Words Understood,3,11,0,0,0,
Words Understood,4,11,0,0,0,
Words Understood,5,11,0,0,0,
Words Understood,6,11,0,0,0,
Words Understood,7,11,0,0,0,
Words Understood,8,11,0,0,0,
Words Understood,9,11,0,0,0,
Words Understood,10,11,0,0,0,
Words Understood,11,11,0,0,0,
Words Understood,12,11,0,0,0,
Words Understood,13,11,0,0,0,
Words Understood,14,11,0,0,0,
Words Understood,15,11,0,0,0,
Words Understood,16,11,0,0,0,
Words Understood,17,11,0,0,1,
Words Understood,18,11,0,0,1,
Words Understood,19,11,1,0,1,
Words Understood,20,11,1,0,1,
Words Understood,21,11,1,1,1,
Words Understood,22,11,1,1,1,
Words Understood,23,11,1,1,1,
Words Understood,24,11,1,1,1,
Words Understood,25,11,1,1,1,
Words Understood,26,11,1,1,1,
Words Understood,27,11,1,1,2,
Words Understood,28,11,1,1,2,
Words Understood,29,11,1,1,2,
Words Understood,30,11,2,1,2,
Words Understood,31,11,2,1,2,
Words Understood,32,11,2,2,2,
Words Understood,33,11,2,2,2,
Words Understood,34,11,2,2,3,
Words Understood,35,11,2,2,3,
Words Understood,36,11,3,2,3,
Words Understood,37,11,3,2,3,
Words Understood,38,11,3,3,3,
Words Understood,39,11,3,3,4,
Words Understood,40,11,3,3,4,
Words Understood,41,11,4,3,4,
Words Understood,42,11,4,3,4,
Words Understood,43,11,4,4,5,
Words Understood,44,11,4,4,5,
Words Understood,45,11,5,4,5,
Words Understood,46,11,5,4,5,
Words Understood,47,11,5,5,6,
Words Understood,48,11,6,5,6,
Words Understood,49,11,6,5,6,
Words Understood,50,11,6,6,7,
Words Understood,51,11,7,6,7,
Words Understood,52,11,7,6,7,
Words Understood,53,11,7,7,8,
Words Understood,54,11,8,7,8,
Words Understood,55,11,8,7,9,
Words Understood,56,11,9,8,9,
Words Understood,57,11,9,8,9,
Words Understood,58,11,10,9,10,
Words Understood,59,11,10,9,10,
Words Understood,60,11,11,10,11,
Words Understood,61,11,11,10,11,
Words Understood,62,11,12,11,12,
Words Understood,63,11,12,11,12,
Words Understood,64,11,13,12,13,
Words Understood,65,11,13,12,14,
Words Understood,66,11,14,13,14,
Words Understood,67,11,15,14,15,
Words Understood,68,11,15,14,15,
Words Understood,69,11,16,15,16,
Words Understood,70,11,17,16,17,
Words Understood,71,11,18,17,18,
Words Understood,72,11,19,18,18,
Words Understood,73,11,20,19,19,
Words Understood,74,11,20,19,20,
Words Understood,75,11,21,20,21,
Words Understood,76,11,23,21,22,
Words Understood,77,11,24,23,23,
Words Understood,78,11,25,24,24,
Words Understood,79,11,26,25,25,
Words Understood,80,11,27,26,26,
Words Understood,81,11,29,28,27,
Words Understood,82,11,30,29,29,
Words Understood,83,11,32,31,30,
Words Understood,84,11,33,32,32,
Words Understood,85,11,35,34,33,
Words Understood,86,11,37,36,35,
Words Understood,87,11,39,38,37,
Words Understood,88,11,41,40,39,
Words Understood,89,11,44,43,41,
Words Understood,90,11,47,46,43,
Words Understood,91,11,50,49,46,
Words Understood,92,11,53,52,49,
Words Understood,93,11,57,56,52,
Words Understood,94,11,61,61,56,
Words Understood,95,11,67,66,61,
Words Understood,96,11,73,73,67,
Words Understood,97,11,82,81,74,
Words Understood,98,11,93,93,84,
Words Understood,99,11,112,113,101,
Words Understood,1,12,0,0,0,
Words Understood,2,12,0,0,0,
Words Understood,3,12,0,0,0,
Words Understood,4,12,0,0,0,
Words Understood,5,12,0,0,0,
Words Understood,6,12,0,0,0,
Words Understood,7,12,0,0,0,
Words Understood,8,12,0,0,0,
Words Understood,9,12,0,0,0,
Words Understood,10,12,0,0,0,
Words Understood,11,12,0,0,0,
Words Understood,12,12,0,0,0,
Words Understood,13,12,0,0,1,
Words Understood,14,12,0,0,1,
Words Understood,15,12,0,0,1,
Words Understood,16,12,1,0,1,
Words Understood,17,12,1,0,1,
Words Understood,18,12,1,0,1,
Words Understood,19,12,1,1,1,
Words Understood,20,12,1,1,1,
Words Understood,21,12,1,1,1,
Words Understood,22,12,1,1,2,
Words Understood,23,12,1,1,2,
Words Understood,24,12,1,1,2,
Words Understood,25,12,2,1,2,
Words Understood,26,12,2,1,2,
Words Understood,27,12,2,1,2,
Words Understood,28,12,2,2,3,
Words Understood,29,12,2,2,3,
Words Understood,30,12,2,2,3,
Words Understood,31,12,3,2,3,
Words Understood,32,12,3,2,4,
Words Understood,33,12,3,2,4,
Words Understood,34,12,3,3,4,
Words Understood,35,12,3,3,4,
Words Understood,36,12,4,3,5,
Words Understood,37,12,4,3,5,
Words Understood,38,12,4,4,5,
Words Understood,39,12,5,4,5,
Words Understood,40,12,5,4,6,
Words Understood,41,12,5,4,6,
Words Understood,42,12,6,5,6,
Words Understood,43,12,6,5,7,
Words Understood,44,12,6,5,7,
Words Understood,45,12,7,6,7,
Words Understood,46,12,7,6,8,
Words Understood,47,12,7,7,8,
Words Understood,48,12,8,7,9,
Words Understood,49,12,8,7,9,
Words Understood,50,12,9,8,10,
Words Understood,51,12,9,8,10,
Words Understood,52,12,10,9,10,
Words Understood,53,12,10,9,11,
Words Understood,54,12,11,10,11,
Words Understood,55,12,11,10,12,
Words Understood,56,12,12,11,12,
Words Understood,57,12,13,12,13,
Words Understood,58,12,13,12,14,
Words Understood,59,12,14,13,14,
Words Understood,60,12,15,14,15,
Words Understood,61,12,15,14,15,
Words Understood,62,12,16,15,16,
Words Understood,63,12,17,16,17,
Words Understood,64,12,18,17,18,
Words Understood,65,12,18,17,18,
Words Understood,66,12,19,18,19,
Words Understood,67,12,20,19,20,
Words Understood,68,12,21,20,21,
Words Understood,69,12,22,21,22,
Words Understood,70,12,23,22,22,
Words Understood,71,12,24,23,23,
Words Understood,72,12,25,25,24,
Words Understood,73,12,27,26,25,
Words Understood,74,12,28,27,26,
Words Understood,75,12,29,28,28,
Words Understood,76,12,30,30,29,
Words Understood,77,12,32,31,30,
Words Understood,78,12,33,33,31,
Words Understood,79,12,35,35,33,
Words Understood,80,12,37,36,34,
Words Understood,81,12,38,38,36,
Words Understood,82,12,40,40,37,
Words Understood,83,12,42,42,39,
Words Understood,84,12,44,45,41,
Words Understood,85,12,47,47,43,
Words Understood,86,12,49,50,45,
Words Understood,87,12,52,52,47,
Words Understood,88,12,55,55,49,
Words Understood,89,12,58,59,52,
Words Understood,90,12,61,63,55,
Words Understood,91,12,65,67,58,
Words Understood,92,12,69,71,62,
Words Understood,93,12,74,76,66,
Words Understood,94,12,80,82,70,
Words Understood,95,12,86,89,76,
Words Understood,96,12,94,98,82,
Words Understood,97,12,105,109,91,
Words Understood,98,12,119,124,103,
Words Understood,99,12,141,148,122,
Words Understood,1,13,0,0,0,
Words Understood,2,13,0,0,0,
Words Understood,3,13,0,0,0,
Words Understood,4,13,0,0,0,
Words Understood,5,13,0,0,0,
Words Understood,6,13,0,0,0,
Words Understood,7,13,0,0,0,
Words Understood,8,13,0,0,0,
Words Understood,9,13,0,0,0,
Words Understood,10,13,0,0,1,
Words Understood,11,13,0,0,1,
Words Understood,12,13,0,0,1,
Words Understood,13,13,1,0,1,
Words Understood,14,13,1,0,1,
Words Understood,15,13,1,0,1,
Words Understood,16,13,1,1,1,
Words Understood,17,13,1,1,2,
Words Understood,18,13,1,1,2,
Words Understood,19,13,1,1,2,
Words Understood,20,13,1,1,2,
Words Understood,21,13,2,1,2,
Words Understood,22,13,2,1,3,
Words Understood,23,13,2,1,3,
Words Understood,24,13,2,2,3,
Words Understood,25,13,2,2,3,
Words Understood,26,13,3,2,3,
Words Understood,27,13,3,2,4,
Words Understood,28,13,3,2,4,
Words Understood,29,13,3,3,4,
Words Understood,30,13,4,3,5,
Words Understood,31,13,4,3,5,
Words Understood,32,13,4,3,5,
Words Understood,33,13,4,4,6,
Words Understood,34,13,5,4,6,
Words Understood,35,13,5,4,6,
Words Understood,36,13,6,5,7,
Words Understood,37,13,6,5,7,
Words Understood,38,13,6,5,7,
Words Understood,39,13,7,6,8,
Words Understood,40,13,7,6,8,
Words Understood,41,13,8,7,9,
Words Understood,42,13,8,7,9,
Words Understood,43,13,9,7,10,
Words Understood,44,13,9,8,10,
Words Understood,45,13,10,8,11,
Words Understood,46,13,10,9,11,
Words Understood,47,13,11,10,12,
Words Understood,48,13,11,10,12,
Words Understood,49,13,12,11,13,
Words Understood,50,13,12,11,13,
Words Understood,51,13,13,12,14,
Words Understood,52,13,14,13,15,
Words Understood,53,13,15,13,15,
Words Understood,54,13,15,14,16,
Words Understood,55,13,16,15,17,
Words Understood,56,13,17,16,17,
Words Understood,57,13,18,16,18,
Words Understood,58,13,18,17,19,
Words Understood,59,13,19,18,20,
Words Understood,60,13,20,19,20,
Words Understood,61,13,21,20,21,
Words Understood,62,13,22,21,22,
Words Understood,63,13,23,22,23,
Words Understood,64,13,24,23,24,
Words Understood,65,13,25,25,25,
Words Understood,66,13,26,26,26,
Words Understood,67,13,28,27,27,
Words Understood,68,13,29,28,28,
Words Understood,69,13,30,30,29,
Words Understood,70,13,32,31,30,
Words Understood,71,13,33,33,31,
Words Understood,72,13,34,34,32,
Words Understood,73,13,36,36,34,
Words Understood,74,13,37,38,35,
Words Understood,75,13,39,39,36,
Words Understood,76,13,41,41,38,
Words Understood,77,13,43,43,39,
Words Understood,78,13,45,45,41,
Words Understood,79,13,47,48,43,
Words Understood,80,13,49,50,44,
Words Understood,81,13,51,52,46,
Words Understood,82,13,53,55,48,
Words Understood,83,13,56,58,50,
Words Understood,84,13,59,61,52,
Words Understood,85,13,62,64,55,
Words Understood,86,13,65,67,57,
Words Understood,87,13,68,71,60,
Words Understood,88,13,72,75,63,
Words Understood,89,13,76,79,66,
Words Understood,90,13,80,84,70,
Words Understood,91,13,85,89,73,
Words Understood,92,13,90,95,78,
Words Understood,93,13,96,101,82,
Words Understood,94,13,102,109,88,
Words Understood,95,13,110,118,94,
Words Understood,96,13,120,128,102,
Words Understood,97,13,132,141,112,
Words Understood,98,13,148,159,125,
Words Understood,99,13,174,187,147,
Words Understood,1,14,0,0,0,
Words Understood,2,14,0,0,0,
Words Understood,3,14,0,0,0,
Words Understood,4,14,0,0,0,
Words Understood,5,14,0,0,0,
Words Understood,6,14,0,0,0,
Words Understood,7,14,0,0,1,
Words Understood,8,14,0,0,1,
Words Understood,9,14,0,0,1,
Words Understood,10,14,0,0,1,
Words Understood,11,14,1,0,1,
Words Understood,12,14,1,0,1,
Words Understood,13,14,1,1,2,
Words Understood,14,14,1,1,2,
Words Understood,15,14,1,1,2,
Words Understood,16,14,1,1,2,
Words Understood,17,14,2,1,2,
Words Understood,18,14,2,1,3,
Words Understood,19,14,2,1,3,
Words Understood,20,14,2,2,3,
Words Understood,21,14,2,2,4,
Words Understood,22,14,3,2,4,
Words Understood,23,14,3,2,4,
Words Understood,24,14,3,2,5,
Words Understood,25,14,4,3,5,
Words Understood,26,14,4,3,5,
Words Understood,27,14,4,3,6,
Words Understood,28,14,5,4,6,
Words Understood,29,14,5,4,7,
Words Understood,30,14,5,4,7,
Words Understood,31,14,6,5,7,
Words Understood,32,14,6,5,8,
Words Understood,33,14,7,6,8,
Words Understood,34,14,7,6,9,
Words Understood,35,14,8,6,9,
Words Understood,36,14,8,7,10,
Words Understood,37,14,9,7,10,
Words Understood,38,14,9,8,11,
Words Understood,39,14,10,9,11,
Words Understood,40,14,10,9,12,
Words Understood,41,14,11,10,13,
Words Understood,42,14,12,10,13,
Words Understood,43,14,12,11,14,
Words Understood,44,14,13,12,15,
Words Understood,45,14,14,12,15,
Words Understood,46,14,15,13,16,
Words Understood,47,14,15,14,17,
Words Understood,48,14,16,15,17,
Words Understood,49,14,17,16,18,
Words Understood,50,14,18,16,19,
Words Understood,51,14,19,17,20,
Words Understood,52,14,20,18,20,
Words Understood,53,14,20,19,21,
Words Understood,54,14,21,20,22,
Words Understood,55,14,22,21,23,
Words Understood,56,14,24,22,24,
Words Understood,57,14,25,24,25,
Words Understood,58,14,26,25,26,
Words Understood,59,14,27,26,27,
Words Understood,60,14,28,27,28,
Words Understood,61,14,29,29,29,
Words Understood,62,14,31,30,30,
Words Understood,63,14,32,31,31,
Words Understood,64,14,33,33,32,
Words Understood,65,14,35,34,33,
Words Understood,66,14,36,36,35,
Words Understood,67,14,38,38,36,
Words Understood,68,14,39,39,37,
Words Understood,69,14,41,41,39,
Words Understood,70,14,43,43,40,
Words Understood,71,14,44,45,42,
Words Understood,72,14,46,47,43,
Words Understood,73,14,48,49,45,
Words Understood,74,14,50,52,46,
Words Understood,75,14,52,54,48,
Words Understood,76,14,55,56,50,
Words Understood,77,14,57,59,52,
Words Understood,78,14,59,62,54,
Words Understood,79,14,62,65,56,
Words Understood,80,14,64,68,58,
Words Understood,81,14,67,71,60,
Words Understood,82,14,70,74,63,
Words Understood,83,14,73,78,65,
Words Understood,84,14,77,81,68,
Words Understood,85,14,80,85,71,
Words Understood,86,14,84,90,74,
Words Understood,87,14,88,94,77,
Words Understood,88,14,92,99,80,
Words Understood,89,14,97,104,84,
Words Understood,90,14,102,110,88,
Words Understood,91,14,108,117,93,
Words Understood,92,14,114,124,98,
Words Understood,93,14,121,131,103,
Words Understood,94,14,129,140,110,
Words Understood,95,14,138,151,117,
Words Understood,96,14,149,163,126,
Words Understood,97,14,163,178,137,
Words Understood,98,14,181,198,153,
Words Understood,99,14,209,229,177,
Words Understood,1,15,0,0,0,
Words Understood,2,15,0,0,0,
Words Understood,3,15,0,0,0,
Words Understood,4,15,0,0,0,
Words Understood,5,15,0,0,1,
Words Understood,6,15,0,0,1,
Words Understood,7,15,0,0,1,
Words Understood,8,15,1,0,1,
Words Understood,9,15,1,0,1,
Words Understood,10,15,1,1,2,
Words Understood,11,15,1,1,2,
Words Understood,12,15,1,1,2,
Words Understood,13,15,2,1,3,
Words Understood,14,15,2,1,3,
Words Understood,15,15,2,1,3,
Words Understood,16,15,2,2,4,
Words Understood,17,15,3,2,4,
Words Understood,18,15,3,2,4,
Words Understood,19,15,3,2,5,
Words Understood,20,15,4,3,5,
Words Understood,21,15,4,3,6,
Words Understood,22,15,4,3,6,
Words Understood,23,15,5,4,7,
Words Understood,24,15,5,4,7,
Words Understood,25,15,6,4,8,
Words Understood,26,15,6,5,8,
Words Understood,27,15,7,5,9,
Words Understood,28,15,7,6,9,
Words Understood,29,15,8,6,10,
Words Understood,30,15,8,7,11,
Words Understood,31,15,9,7,11,
Words Understood,32,15,10,8,12,
Words Understood,33,15,10,9,12,
Words Understood,34,15,11,9,13,
Words Understood,35,15,12,10,14,
Words Understood,36,15,12,11,14,
Words Understood,37,15,13,11,15,
Words Understood,38,15,14,12,16,
Words Understood,39,15,15,13,17,
Words Understood,40,15,15,14,17,
Words Understood,41,15,16,15,18,
Words Understood,42,15,17,15,19,
Words Understood,43,15,18,16,20,
Words Understood,44,15,19,17,21,
Words Understood,45,15,20,18,22,
Words Understood,46,15,21,19,23,
Words Understood,47,15,22,20,23,
Words Understood,48,15,23,22,24,
Words Understood,49,15,24,23,25,
Words Understood,50,15,25,24,26,
Words Understood,51,15,26,25,27,
Words Understood,52,15,28,26,28,
Words Understood,53,15,29,28,30,
Words Understood,54,15,30,29,31,
Words Understood,55,15,31,31,32,
Words Understood,56,15,33,32,33,
Words Understood,57,15,34,34,34,
Words Understood,58,15,36,35,35,
Words Understood,59,15,37,37,37,
Words Understood,60,15,39,38,38,
Words Understood,61,15,40,40,39,
Words Understood,62,15,42,42,41,
Words Understood,63,15,44,44,42,
Words Understood,64,15,45,46,44,
Words Understood,65,15,47,48,45,
Words Understood,66,15,49,50,47,
Words Understood,67,15,51,52,48,
Words Understood,68,15,53,54,50,
Words Understood,69,15,55,57,52,
Words Understood,70,15,57,59,53,
Words Understood,71,15,59,62,55,
Words Understood,72,15,62,64,57,
Words Understood,73,15,64,67,59,
Words Understood,74,15,67,70,61,
Words Understood,75,15,69,73,63,
Words Understood,76,15,72,76,66,
Words Understood,77,15,75,79,68,
Words Understood,78,15,78,83,70,
Words Understood,79,15,81,86,73,
Words Understood,80,15,84,90,75,
Words Understood,81,15,87,94,78,
Words Understood,82,15,91,98,81,
Words Understood,83,15,95,102,84,
Words Understood,84,15,98,107,87,
Words Understood,85,15,103,112,91,
Words Understood,86,15,107,117,94,
Words Understood,87,15,112,122,98,
Words Understood,88,15,117,128,102,
Words Understood,89,15,122,134,107,
Words Understood,90,15,128,141,112,
Words Understood,91,15,135,149,117,
Words Understood,92,15,142,157,123,
Words Understood,93,15,150,166,129,
Words Understood,94,15,159,176,136,
Words Understood,95,15,169,187,145,
Words Understood,96,15,181,201,155,
Words Understood,97,15,196,217,167,
Words Understood,98,15,215,238,184,
Words Understood,99,15,244,269,210,
Words Understood,1,16,0,0,0,
Words Understood,2,16,0,0,0,
Words Understood,3,16,0,0,0,
Words Understood,4,16,0,0,1,
Words Understood,5,16,0,0,1,
Words Understood,6,16,1,0,1,
Words Understood,7,16,1,0,2,
Words Understood,8,16,1,1,2,
Words Understood,9,16,1,1,2,
Words Understood,10,16,2,1,3,
Words Understood,11,16,2,1,3,
Words Understood,12,16,2,1,4,
Words Understood,13,16,3,2,4,
Words Understood,14,16,3,2,5,
Words Understood,15,16,4,2,5,
Words Understood,16,16,4,3,6,
Words Understood,17,16,4,3,6,
Words Understood,18,16,5,4,7,
Words Understood,19,16,5,4,8,
Words Understood,20,16,6,4,8,
Words Understood,21,16,7,5,9,
Words Understood,22,16,7,5,10,
Words Understood,23,16,8,6,10,
Words Understood,24,16,8,7,11,
Words Understood,25,16,9,7,12,
Words Understood,26,16,10,8,13,
Words Understood,27,16,11,9,13,
Words Understood,28,16,11,9,14,
Words Understood,29,16,12,10,15,
Words Understood,30,16,13,11,16,
Words Understood,31,16,14,12,17,
Words Understood,32,16,15,12,17,
Words Understood,33,16,16,13,18,
Words Understood,34,16,16,14,19,
Words Understood,35,16,17,15,20,
Words Understood,36,16,18,16,21,
Words Understood,37,16,19,17,22,
Words Understood,38,16,20,18,23,
Words Understood,39,16,22,19,24,
Words Understood,40,16,23,21,25,
Words Understood,41,16,24,22,26,
Words Understood,42,16,25,23,27,
Words Understood,43,16,26,24,28,
Words Understood,44,16,27,26,30,
Words Understood,45,16,29,27,31,
Words Understood,46,16,30,28,32,
Words Understood,47,16,31,30,33,
Words Understood,48,16,33,31,34,
Words Understood,49,16,34,33,36,
Words Understood,50,16,36,34,37,
Words Understood,51,16,37,36,38,
Words Understood,52,16,39,38,40,
Words Understood,53,16,40,40,41,
Words Understood,54,16,42,41,42,
Words Understood,55,16,43,43,44,
Words Understood,56,16,45,45,45,
Words Understood,57,16,47,47,47,
Words Understood,58,16,49,49,48,
Words Understood,59,16,51,51,50,
Words Understood,60,16,53,54,52,
Words Understood,61,16,55,56,53,
Words Understood,62,16,57,58,55,
Words Understood,63,16,59,61,57,
Words Understood,64,16,61,63,59,
Words Understood,65,16,63,66,61,
Words Understood,66,16,65,68,63,
Words Understood,67,16,68,71,65,
Words Understood,68,16,70,74,67,
Words Understood,69,16,73,77,69,
Words Understood,70,16,75,80,71,
Words Understood,71,16,78,83,73,
Words Understood,72,16,81,86,76,
Words Understood,73,16,84,90,78,
Words Understood,74,16,87,93,80,
Words Understood,75,16,90,97,83,
Words Understood,76,16,93,101,86,
Words Understood,77,16,96,105,88,
Words Understood,78,16,100,109,91,
Words Understood,79,16,103,113,94,
Words Understood,80,16,107,117,97,
Words Understood,81,16,111,122,101,
Words Understood,82,16,115,127,104,
Words Understood,83,16,119,132,108,
Words Understood,84,16,124,137,112,
Words Understood,85,16,129,143,115,
Words Understood,86,16,134,149,120,
Words Understood,87,16,139,155,124,
Words Understood,88,16,145,162,129,
Words Understood,89,16,151,169,134,
Words Understood,90,16,158,176,140,
Words Understood,91,16,165,184,146,
Words Understood,92,16,172,193,152,
Words Understood,93,16,181,203,159,
Words Understood,94,16,191,214,167,
Words Understood,95,16,201,226,177,
Words Understood,96,16,214,240,188,
Words Understood,97,16,229,256,201,
Words Understood,98,16,249,276,219,
Words Understood,99,16,277,305,245,
Words Understood,1,17,0,0,0,
Words Understood,2,17,0,0,1,
Words Understood,3,17,0,0,1,
Words Understood,4,17,1,0,1,
Words Understood,5,17,1,0,2,
Words Understood,6,17,1,1,2,
Words Understood,7,17,2,1,3,
Words Understood,8,17,2,1,4,
Words Understood,9,17,3,1,4,
Words Understood,10,17,3,2,5,
Words Understood,11,17,4,2,6,
Words Understood,12,17,4,3,6,
Words Understood,13,17,5,3,7,
Words Understood,14,17,5,4,8,
Words Understood,15,17,6,4,9,
Words Understood,16,17,7,5,9,
Words Understood,17,17,7,5,10,
Words Understood,18,17,8,6,11,
Words Understood,19,17,9,7,12,
Words Understood,20,17,10,7,13,
Words Understood,21,17,11,8,14,
Words Understood,22,17,11,9,15,
Words Understood,23,17,12,10,16,
Words Understood,24,17,13,10,17,
Words Understood,25,17,14,11,18,
Words Understood,26,17,15,12,19,
Words Understood,27,17,16,13,20,
Words Understood,28,17,17,14,21,
Words Understood,29,17,18,15,22,
Words Understood,30,17,20,17,23,
Words Understood,31,17,21,18,24,
Words Understood,32,17,22,19,25,
Words Understood,33,17,23,20,27,
Words Understood,34,17,24,21,28,
Words Understood,35,17,26,23,29,
Words Understood,36,17,27,24,30,
Words Understood,37,17,28,26,32,
Words Understood,38,17,30,27,33,
Words Understood,39,17,31,29,34,
Words Understood,40,17,33,30,36,
Words Understood,41,17,34,32,37,
Words Understood,42,17,36,34,39,
Words Understood,43,17,37,35,40,
Words Understood,44,17,39,37,41,
Words Understood,45,17,40,39,43,
Words Understood,46,17,42,41,44,
Words Understood,47,17,44,43,46,
Words Understood,48,17,46,45,48,
Words Understood,49,17,47,47,49,
Words Understood,50,17,49,49,51,
Words Understood,51,17,51,51,53,
Words Understood,52,17,53,53,54,
Words Understood,53,17,55,56,56,
Words Understood,54,17,57,58,58,
Words Understood,55,17,59,60,60,
Words Understood,56,17,61,63,62,
Words Understood,57,17,63,65,64,
Words Understood,58,17,66,68,66,
Words Understood,59,17,68,71,68,
Words Understood,60,17,70,73,70,
Words Understood,61,17,73,76,72,
Words Understood,62,17,75,79,74,
Words Understood,63,17,78,82,76,
Words Understood,64,17,80,85,78,
Words Understood,65,17,83,89,81,
Words Understood,66,17,86,92,83,
Words Understood,67,17,89,95,85,
Words Understood,68,17,91,99,88,
Words Understood,69,17,94,102,90,
Words Understood,70,17,98,106,93,
Words Understood,71,17,101,110,96,
Words Understood,72,17,104,114,99,
Words Understood,73,17,107,118,101,
Words Understood,74,17,111,122,104,
Words Understood,75,17,114,126,107,
Words Understood,76,17,118,130,111,
Words Understood,77,17,122,135,114,
Words Understood,78,17,126,140,117,
Words Understood,79,17,130,145,121,
Words Understood,80,17,134,150,124,
Words Understood,81,17,139,155,128,
Words Understood,82,17,143,161,132,
Words Understood,83,17,148,166,136,
Words Understood,84,17,153,172,141,
Words Understood,85,17,158,179,145,
Words Understood,86,17,164,185,150,
Words Understood,87,17,170,192,155,
Words Understood,88,17,176,199,160,
Words Understood,89,17,183,207,166,
Words Understood,90,17,190,215,172,
Words Understood,91,17,197,223,179,
Words Understood,92,17,205,233,186,
Words Understood,93,17,214,242,194,
Words Understood,94,17,224,253,202,
Words Understood,95,17,235,265,212,
Words Understood,96,17,247,278,224,
Words Understood,97,17,262,294,237,
Words Understood,98,17,281,312,255,
Words Understood,99,17,307,337,281,
Words Understood,1,18,0,0,0,
Words Understood,2,18,0,0,1,
Words Understood,3,18,1,0,2,
Words Understood,4,18,1,1,2,
Words Understood,5,18,2,1,3,
Words Understood,6,18,2,1,4,
Words Understood,7,18,3,2,5,
Words Understood,8,18,4,2,6,
Words Understood,9,18,4,3,7,
Words Understood,10,18,5,3,8,
Words Understood,11,18,6,4,9,
Words Understood,12,18,7,4,10,
Words Understood,13,18,8,5,11,
Words Understood,14,18,9,6,12,
Words Understood,15,18,10,7,13,
Words Understood,16,18,11,7,14,
Words Understood,17,18,12,8,16,
Words Understood,18,18,13,9,17,
Words Understood,19,18,14,10,18,
Words Understood,20,18,15,11,19,
Words Understood,21,18,16,13,21,
Words Understood,22,18,17,14,22,
Words Understood,23,18,19,15,23,
Words Understood,24,18,20,16,25,
Words Understood,25,18,21,18,26,
Words Understood,26,18,23,19,27,
Words Understood,27,18,24,20,29,
Words Understood,28,18,26,22,30,
Words Understood,29,18,27,23,32,
Words Understood,30,18,29,25,33,
Words Understood,31,18,30,26,35,
Words Understood,32,18,32,28,36,
Words Understood,33,18,33,30,38,
Words Understood,34,18,35,32,40,
Words Understood,35,18,37,33,41,
Words Understood,36,18,38,35,43,
Words Understood,37,18,40,37,45,
Words Understood,38,18,42,39,46,
Words Understood,39,18,44,41,48,
Words Understood,40,18,46,43,50,
Words Understood,41,18,48,46,52,
Words Understood,42,18,49,48,53,
Words Understood,43,18,51,50,55,
Words Understood,44,18,53,53,57,
Words Understood,45,18,56,55,59,
Words Understood,46,18,58,57,61,
Words Understood,47,18,60,60,63,
Words Understood,48,18,62,62,65,
Words Understood,49,18,64,65,67,
Words Understood,50,18,67,68,69,
Words Understood,51,18,69,71,71,
Words Understood,52,18,71,73,73,
Words Understood,53,18,74,76,76,
Words Understood,54,18,76,79,78,
Words Understood,55,18,79,82,80,
Words Understood,56,18,81,86,82,
Words Understood,57,18,84,89,85,
Words Understood,58,18,87,92,87,
Words Understood,59,18,89,95,90,
Words Understood,60,18,92,99,92,
Words Understood,61,18,95,102,95,
Words Understood,62,18,98,106,97,
Words Understood,63,18,101,109,100,
Words Understood,64,18,104,113,103,
Words Understood,65,18,107,117,105,
Words Understood,66,18,110,121,108,
Words Understood,67,18,114,125,111,
Words Understood,68,18,117,129,114,
Words Understood,69,18,120,133,117,
Words Understood,70,18,124,138,120,
Words Understood,71,18,128,142,123,
Words Understood,72,18,131,147,127,
Words Understood,73,18,135,151,130,
Words Understood,74,18,139,156,133,
Words Understood,75,18,143,161,137,
Words Understood,76,18,147,166,141,
Words Understood,77,18,152,171,144,
Words Understood,78,18,156,177,148,
Words Understood,79,18,160,182,152,
Words Understood,80,18,165,188,156,
Words Understood,81,18,170,193,161,
Words Understood,82,18,175,199,165,
Words Understood,83,18,180,206,170,
Words Understood,84,18,186,212,174,
Words Understood,85,18,191,219,179,
Words Understood,86,18,197,225,185,
Words Understood,87,18,203,232,190,
Words Understood,88,18,210,240,196,
Words Understood,89,18,217,248,202,
Words Understood,90,18,224,256,208,
Words Understood,91,18,231,264,215,
Words Understood,92,18,240,273,223,
Words Understood,93,18,249,282,231,
Words Understood,94,18,258,292,240,
Words Understood,95,18,269,303,250,
Words Understood,96,18,281,315,261,
Words Understood,97,18,295,328,275,
Words Understood,98,18,312,343,291,
Words Understood,99,18,334,362,315,
Words Produced,99,8,51,43,57
Words Produced,95,8,29,24,32
Words Produced,90,8,20,17,21
Words Produced,85,8,15,13,16
Words Produced,80,8,11,10,12
Words Produced,75,8,9,8,9
Words Produced,70,8,7,6,7
Words Produced,65,8,5,5,5
Words Produced,60,8,4,4,4
Words Produced,55,8,3,3,3
Words Produced,50,8,2,2,2
Words Produced,45,8,2,2,2
Words Produced,40,8,1,1,1
Words Produced,35,8,1,1,1
Words Produced,30,8,1,1,0
Words Produced,25,8,0,0,0
Words Produced,20,8,0,0,0
Words Produced,15,8,0,0,0
Words Produced,10,8,0,0,0
Words Produced,5,8,0,0,0
Words Produced,99,9,67,60,69
Words Produced,95,9,38,34,40
Words Produced,90,9,26,24,27
Words Produced,85,9,20,18,20
Words Produced,80,9,15,14,15
Words Produced,75,9,12,11,12
Words Produced,70,9,9,8,9
Words Produced,65,9,7,7,7
Words Produced,60,9,6,5,6
Words Produced,55,9,4,4,4
Words Produced,50,9,3,3,3
Words Produced,45,9,2,2,2
Words Produced,40,9,2,2,2
Words Produced,35,9,1,1,1
Words Produced,30,9,1,1,1
Words Produced,25,9,0,0,0
Words Produced,20,9,0,0,0
Words Produced,15,9,0,0,0
Words Produced,10,9,0,0,0
Words Produced,5,9,0,0,0
Words Produced,99,10,88,83,84
Words Produced,95,10,51,48,49
Words Produced,90,10,35,33,34
Words Produced,85,10,26,25,26
Words Produced,80,10,20,19,20
Words Produced,75,10,16,15,16
Words Produced,70,10,12,12,13
Words Produced,65,10,10,9,10
Words Produced,60,10,8,7,8
Words Produced,55,10,6,5,6
Words Produced,50,10,4,4,5
Words Produced,45,10,3,3,4
Words Produced,40,10,2,2,3
Words Produced,35,10,2,2,2
Words Produced,30,10,1,1,1
Words Produced,25,10,1,1,1
Words Produced,20,10,0,0,0
Words Produced,15,10,0,0,0
Words Produced,10,10,0,0,0
Words Produced,5,10,0,0,0
Words Produced,99,11,112,113,101
Words Produced,95,11,67,66,61
Words Produced,90,11,47,46,43
Words Produced,85,11,35,34,33
Words Produced,80,11,27,26,26
Words Produced,75,11,21,20,21
Words Produced,70,11,17,16,17
Words Produced,65,11,13,12,14
Words Produced,60,11,11,10,11
Words Produced,55,11,8,7,9
Words Produced,50,11,6,6,7
Words Produced,45,11,5,4,5
Words Produced,40,11,3,3,4
Words Produced,35,11,2,2,3
Words Produced,30,11,2,1,2
Words Produced,25,11,1,1,1
Words Produced,20,11,1,0,1
Words Produced,15,11,0,0,0
Words Produced,10,11,0,0,0
Words Produced,5,11,0,0,0
Words Produced,99,12,141,148,122
Words Produced,95,12,86,89,76
Words Produced,90,12,61,63,55
Words Produced,85,12,47,47,43
Words Produced,80,12,37,36,34
Words Produced,75,12,29,28,28
Words Produced,70,12,23,22,22
Words Produced,65,12,18,17,18
Words Produced,60,12,15,14,15
Words Produced,55,12,11,10,12
Words Produced,50,12,9,8,10
Words Produced,45,12,7,6,7
Words Produced,40,12,5,4,6
Words Produced,35,12,3,3,4
Words Produced,30,12,2,2,3
Words Produced,25,12,2,1,2
Words Produced,20,12,1,1,1
Words Produced,15,12,0,0,1
Words Produced,10,12,0,0,0
Words Produced,5,12,0,0,0
Words Produced,99,13,174,187,147
Words Produced,95,13,110,118,94
Words Produced,90,13,80,84,70
Words Produced,85,13,62,64,55
Words Produced,80,13,49,50,44
Words Produced,75,13,39,39,36
Words Produced,70,13,32,31,30
Words Produced,65,13,25,25,25
Words Produced,60,13,20,19,20
Words Produced,55,13,16,15,17
Words Produced,50,13,12,11,13
Words Produced,45,13,10,8,11
Words Produced,40,13,7,6,8
Words Produced,35,13,5,4,6
Words Produced,30,13,4,3,5
Words Produced,25,13,2,2,3
Words Produced,20,13,1,1,2
Words Produced,15,13,1,0,1
Words Produced,10,13,0,0,1
Words Produced,5,13,0,0,0
Words Produced,99,14,209,229,177
Words Produced,95,14,138,151,117
Words Produced,90,14,102,110,88
Words Produced,85,14,80,85,71
Words Produced,80,14,64,68,58
Words Produced,75,14,52,54,48
Words Produced,70,14,43,43,40
Words Produced,65,14,35,34,33
Words Produced,60,14,28,27,28
Words Produced,55,14,22,21,23
Words Produced,50,14,18,16,19
Words Produced,45,14,14,12,15
Words Produced,40,14,10,9,12
Words Produced,35,14,8,6,9
Words Produced,30,14,5,4,7
Words Produced,25,14,4,3,5
Words Produced,20,14,2,2,3
Words Produced,15,14,1,1,2
Words Produced,10,14,0,0,1
Words Produced,5,14,0,0,0
Words Produced,99,15,244,269,210
Words Produced,95,15,169,187,145
Words Produced,90,15,128,141,112
Words Produced,85,15,103,112,91
Words Produced,80,15,84,90,75
Words Produced,75,15,69,73,63
Words Produced,70,15,57,59,53
Words Produced,65,15,47,48,45
Words Produced,60,15,39,38,38
Words Produced,55,15,31,31,32
Words Produced,50,15,25,24,26
Words Produced,45,15,20,18,22
Words Produced,40,15,15,14,17
Words Produced,35,15,12,10,14
Words Produced,30,15,8,7,11
Words Produced,25,15,6,4,8
Words Produced,20,15,4,3,5
Words Produced,15,15,2,1,3
Words Produced,10,15,1,1,2
Words Produced,5,15,0,0,1
Words Produced,99,16,277,305,245
Words Produced,95,16,201,226,177
Words Produced,90,16,158,176,140
Words Produced,85,16,129,143,115
Words Produced,80,16,107,117,97
Words Produced,75,16,90,97,83
Words Produced,70,16,75,80,71
Words Produced,65,16,63,66,61
Words Produced,60,16,53,54,52
Words Produced,55,16,43,43,44
Words Produced,50,16,36,34,37
Words Produced,45,16,29,27,31
Words Produced,40,16,23,21,25
Words Produced,35,16,17,15,20
Words Produced,30,16,13,11,16
Words Produced,25,16,9,7,12
Words Produced,20,16,6,4,8
Words Produced,15,16,4,2,5
Words Produced,10,16,2,1,3
Words Produced,5,16,0,0,1
Words Produced,99,17,307,337,281
Words Produced,95,17,235,265,212
Words Produced,90,17,190,215,172
Words Produced,85,17,158,179,145
Words Produced,80,17,134,150,124
Words Produced,75,17,114,126,107
Words Produced,70,17,98,106,93
Words Produced,65,17,83,89,81
Words Produced,60,17,70,73,70
Words Produced,55,17,59,60,60
Words Produced,50,17,49,49,51
Words Produced,45,17,40,39,43
Words Produced,40,17,33,30,36
Words Produced,35,17,26,23,29
Words Produced,30,17,20,17,23
Words Produced,25,17,14,11,18
Words Produced,20,17,10,7,13
Words Produced,15,17,6,4,9
Words Produced,10,17,3,2,5
Words Produced,5,17,1,0,2
Words Produced,99,18,334,362,315
Words Produced,95,18,269,303,250
Words Produced,90,18,224,256,208
Words Produced,85,18,191,219,179
Words Produced,80,18,165,188,156
Words Produced,75,18,143,161,137
Words Produced,70,18,124,138,120
Words Produced,65,18,107,117,105
Words Produced,60,18,92,99,92
Words Produced,55,18,79,82,80
Words Produced,50,18,67,68,69
Words Produced,45,18,56,55,59
Words Produced,40,18,46,43,50
Words Produced,35,18,37,33,41
Words Produced,30,18,29,25,33
Words Produced,25,18,21,18,26
Words Produced,20,18,15,11,19
Words Produced,15,18,10,7,13
Words Produced,10,18,5,3,8
Words Produced,5,18,2,1,3
Total Gestures,99,8,37,38,36
Total Gestures,95,8,28,29,28
Total Gestures,90,8,23,24,23
Total Gestures,85,8,20,21,20
Total Gestures,80,8,17,18,18
Total Gestures,75,8,15,16,16
Total Gestures,70,8,14,14,14
Total Gestures,65,8,12,13,13
Total Gestures,60,8,11,11,11
Total Gestures,55,8,10,10,10
Total Gestures,50,8,9,9,9
Total Gestures,45,8,8,8,8
Total Gestures,40,8,7,7,7
Total Gestures,35,8,6,6,6
Total Gestures,30,8,5,5,5
Total Gestures,25,8,4,4,4
Total Gestures,20,8,3,3,4
Total Gestures,15,8,2,2,3
Total Gestures,10,8,2,2,2
Total Gestures,5,8,1,1,1
Total Gestures,99,9,41,42,40
Total Gestures,95,9,32,33,32
Total Gestures,90,9,27,28,27
Total Gestures,85,9,24,25,24
Total Gestures,80,9,21,22,22
Total Gestures,75,9,19,20,20
Total Gestures,70,9,17,18,18
Total Gestures,65,9,16,16,16
Total Gestures,60,9,14,15,15
Total Gestures,55,9,13,13,14
Total Gestures,50,9,12,12,12
Total Gestures,45,9,11,10,11
Total Gestures,40,9,9,9,10
Total Gestures,35,9,8,8,9
Total Gestures,30,9,7,7,8
Total Gestures,25,9,6,6,7
Total Gestures,20,9,5,5,6
Total Gestures,15,9,4,4,5
Total Gestures,10,9,3,3,4
Total Gestures,5,9,2,1,2
Total Gestures,99,10,45,47,44
Total Gestures,95,10,37,38,36
Total Gestures,90,10,32,33,31
Total Gestures,85,10,29,29,28
Total Gestures,80,10,26,26,26
Total Gestures,75,10,24,24,24
Total Gestures,70,10,22,22,22
Total Gestures,65,10,20,20,20
Total Gestures,60,10,18,18,19
Total Gestures,55,10,17,16,18
Total Gestures,50,10,15,15,16
Total Gestures,45,10,14,13,15
Total Gestures,40,10,13,12,14
Total Gestures,35,10,11,11,12
Total Gestures,30,10,10,9,11
Total Gestures,25,10,9,8,10
Total Gestures,20,10,8,7,9
Total Gestures,15,10,6,5,7
Total Gestures,10,10,5,4,6
Total Gestures,5,10,3,2,4
Total Gestures,99,11,49,50,47
Total Gestures,95,11,41,42,40
Total Gestures,90,11,37,37,36
Total Gestures,85,11,33,34,33
Total Gestures,80,11,31,31,31
Total Gestures,75,11,28,28,28
Total Gestures,70,11,26,26,27
Total Gestures,65,11,25,24,25
Total Gestures,60,11,23,22,23
Total Gestures,55,11,21,20,22
Total Gestures,50,11,20,18,20
Total Gestures,45,11,18,17,19
Total Gestures,40,11,17,15,18
Total Gestures,35,11,15,14,16
Total Gestures,30,11,14,12,15
Total Gestures,25,11,12,10,13
Total Gestures,20,11,10,9,12
Total Gestures,15,11,9,7,10
Total Gestures,10,11,7,5,8
Total Gestures,5,11,5,3,6
Total Gestures,99,12,53,54,51
Total Gestures,95,12,46,47,44
Total Gestures,90,12,42,42,40
Total Gestures,85,12,38,38,38
Total Gestures,80,12,36,35,35
Total Gestures,75,12,33,33,33
Total Gestures,70,12,31,30,31
Total Gestures,65,12,29,28,30
Total Gestures,60,12,27,26,28
Total Gestures,55,12,26,24,26
Total Gestures,50,12,24,22,25
Total Gestures,45,12,22,20,23
Total Gestures,40,12,20,19,22
Total Gestures,35,12,19,17,20
Total Gestures,30,12,17,15,19
Total Gestures,25,12,15,13,17
Total Gestures,20,12,13,11,15
Total Gestures,15,12,11,9,13
Total Gestures,10,12,9,7,11
Total Gestures,5,12,6,5,8
Total Gestures,99,13,56,57,54
Total Gestures,95,13,50,51,48
Total Gestures,90,13,46,46,45
Total Gestures,85,13,43,43,42
Total Gestures,80,13,40,40,40
Total Gestures,75,13,38,37,38
Total Gestures,70,13,36,35,36
Total Gestures,65,13,34,32,34
Total Gestures,60,13,32,30,32
Total Gestures,55,13,30,28,31
Total Gestures,50,13,28,26,29
Total Gestures,45,13,26,24,28
Total Gestures,40,13,24,22,26
Total Gestures,35,13,23,20,24
Total Gestures,30,13,21,18,23
Total Gestures,25,13,19,16,21
Total Gestures,20,13,17,14,19
Total Gestures,15,13,14,12,17
Total Gestures,10,13,12,9,14
Total Gestures,5,13,8,6,11
Total Gestures,99,14,58,59,57
Total Gestures,95,14,53,54,52
Total Gestures,90,14,50,50,49
Total Gestures,85,14,47,46,46
Total Gestures,80,14,44,44,44
Total Gestures,75,14,42,41,42
Total Gestures,70,14,40,39,40
Total Gestures,65,14,38,36,38
Total Gestures,60,14,36,34,37
Total Gestures,55,14,34,32,35
Total Gestures,50,14,32,30,33
Total Gestures,45,14,30,28,32
Total Gestures,40,14,28,26,30
Total Gestures,35,14,26,23,28
Total Gestures,30,14,24,21,27
Total Gestures,25,14,22,19,25
Total Gestures,20,14,20,16,23
Total Gestures,15,14,17,14,20
Total Gestures,10,14,14,11,18
Total Gestures,5,14,10,7,14
Total Gestures,99,15,60,60,59
Total Gestures,95,15,56,56,55
Total Gestures,90,15,53,52,52
Total Gestures,85,15,50,49,50
Total Gestures,80,15,48,47,48
Total Gestures,75,15,46,44,46
Total Gestures,70,15,43,42,44
Total Gestures,65,15,41,40,42
Total Gestures,60,15,39,38,41
Total Gestures,55,15,37,35,39
Total Gestures,50,15,35,33,37
Total Gestures,45,15,34,31,36
Total Gestures,40,15,31,29,34
Total Gestures,35,15,29,27,32
Total Gestures,30,15,27,24,30
Total Gestures,25,15,25,22,28
Total Gestures,20,15,22,19,26
Total Gestures,15,15,20,16,24
Total Gestures,10,15,16,13,21
Total Gestures,5,15,12,9,16
Total Gestures,99,16,61,61,61
Total Gestures,95,16,58,58,57
Total Gestures,90,16,55,55,55
Total Gestures,85,16,53,52,53
Total Gestures,80,16,50,49,51
Total Gestures,75,16,48,47,49
Total Gestures,70,16,46,45,48
Total Gestures,65,16,44,43,46
Total Gestures,60,16,42,41,44
Total Gestures,55,16,41,38,43
Total Gestures,50,16,39,36,41
Total Gestures,45,16,37,34,40
Total Gestures,40,16,35,32,38
Total Gestures,35,16,32,29,36
Total Gestures,30,16,30,27,34
Total Gestures,25,16,28,24,32
Total Gestures,20,16,25,22,30
Total Gestures,15,16,22,19,27
Total Gestures,10,16,18,15,24
Total Gestures,5,16,14,11,19
Total Gestures,99,17,62,62,62
Total Gestures,95,17,59,59,59
Total Gestures,90,17,57,56,57
Total Gestures,85,17,55,54,56
Total Gestures,80,17,53,52,54
Total Gestures,75,17,51,50,52
Total Gestures,70,17,49,47,51
Total Gestures,65,17,47,45,49
Total Gestures,60,17,45,43,48
Total Gestures,55,17,43,41,46
Total Gestures,50,17,41,39,45
Total Gestures,45,17,39,37,43
Total Gestures,40,17,37,35,41
Total Gestures,35,17,35,32,40
Total Gestures,30,17,33,30,38
Total Gestures,25,17,30,27,35
Total Gestures,20,17,28,24,33
Total Gestures,15,17,24,21,30
Total Gestures,10,17,21,17,27
Total Gestures,5,17,16,12,22
Total Gestures,99,18,62,62,62
Total Gestures,95,18,60,60,61
Total Gestures,90,18,58,58,59
Total Gestures,85,18,56,56,58
Total Gestures,80,18,55,54,56
Total Gestures,75,18,53,52,55
Total Gestures,70,18,51,50,54
Total Gestures,65,18,50,48,52
Total Gestures,60,18,48,46,51
Total Gestures,55,18,46,44,49
Total Gestures,50,18,44,42,48
Total Gestures,45,18,42,40,46
Total Gestures,40,18,40,37,45
Total Gestures,35,18,38,35,43
Total Gestures,30,18,36,33,41
Total Gestures,25,18,33,30,39
Total Gestures,20,18,30,27,36
Total Gestures,15,18,27,23,33
Total Gestures,10,18,23,20,30
Total Gestures,5,18,18,14,24
Phrases,99,8,24,24,24
Phrases,95,8,19,19,20
Phrases,90,8,16,16,17
Phrases,85,8,14,14,14
Phrases,80,8,12,12,12
Phrases,75,8,10,10,11
Phrases,70,8,9,9,9
Phrases,65,8,8,8,8
Phrases,60,8,7,7,7
Phrases,55,8,6,6,6
Phrases,50,8,5,5,5
Phrases,45,8,4,4,4
Phrases,40,8,3,3,4
Phrases,35,8,3,3,3
Phrases,30,8,2,2,2
Phrases,25,8,1,1,2
Phrases,20,8,1,1,1
Phrases,15,8,1,1,1
Phrases,10,8,0,0,0
Phrases,5,8,0,0,0
Phrases,99,9,25,25,25
Phrases,95,9,21,21,22
Phrases,90,9,18,18,19
Phrases,85,9,16,16,17
Phrases,80,9,14,14,15
Phrases,75,9,13,12,13
Phrases,70,9,11,11,12
Phrases,65,9,10,10,11
Phrases,60,9,9,9,9
Phrases,55,9,8,8,8
Phrases,50,9,7,7,7
Phrases,45,9,6,6,6
Phrases,40,9,5,5,5
Phrases,35,9,4,4,5
Phrases,30,9,3,3,4
Phrases,25,9,3,2,3
Phrases,20,9,2,2,2
Phrases,15,9,1,1,2
Phrases,10,9,1,1,1
Phrases,5,9,0,0,0
Phrases,99,10,26,26,26
Phrases,95,10,23,23,24
Phrases,90,10,21,20,21
Phrases,85,10,19,18,19
Phrases,80,10,17,16,18
Phrases,75,10,15,15,16
Phrases,70,10,14,13,15
Phrases,65,10,13,12,13
Phrases,60,10,11,11,12
Phrases,55,10,10,10,11
Phrases,50,10,9,9,10
Phrases,45,10,8,8,9
Phrases,40,10,7,7,8
Phrases,35,10,6,6,7
Phrases,30,10,5,5,6
Phrases,25,10,4,4,5
Phrases,20,10,3,3,4
Phrases,15,10,2,2,3
Phrases,10,10,2,1,2
Phrases,5,10,1,1,1
Phrases,99,11,27,27,27
Phrases,95,11,25,24,25
Phrases,90,11,23,22,23
Phrases,85,11,21,20,21
Phrases,80,11,19,18,20
Phrases,75,11,18,17,19
Phrases,70,11,17,16,17
Phrases,65,11,15,14,16
Phrases,60,11,14,13,15
Phrases,55,11,13,12,14
Phrases,50,11,12,11,12
Phrases,45,11,10,10,11
Phrases,40,11,9,9,10
Phrases,35,11,8,7,9
Phrases,30,11,7,6,8
Phrases,25,11,6,5,7
Phrases,20,11,5,4,5
Phrases,15,11,4,3,4
Phrases,10,11,3,2,3
Phrases,5,11,1,1,2
Phrases,99,12,27,27,28
Phrases,95,12,26,25,26
Phrases,90,12,24,23,25
Phrases,85,12,23,22,23
Phrases,80,12,21,21,22
Phrases,75,12,20,19,21
Phrases,70,12,19,18,20
Phrases,65,12,18,17,19
Phrases,60,12,17,15,17
Phrases,55,12,15,14,16
Phrases,50,12,14,13,15
Phrases,45,12,13,12,14
Phrases,40,12,12,11,13
Phrases,35,12,11,10,11
Phrases,30,12,9,8,10
Phrases,25,12,8,7,9
Phrases,20,12,7,6,7
Phrases,15,12,5,5,6
Phrases,10,12,4,3,4
Phrases,5,12,2,2,3
Phrases,99,13,28,28,28
Phrases,95,13,27,26,27
Phrases,90,13,26,25,26
Phrases,85,13,24,24,25
Phrases,80,13,23,22,24
Phrases,75,13,22,21,23
Phrases,70,13,21,20,22
Phrases,65,13,20,19,21
Phrases,60,13,19,18,20
Phrases,55,13,18,16,19
Phrases,50,13,17,15,17
Phrases,45,13,15,14,16
Phrases,40,13,14,13,15
Phrases,35,13,13,12,14
Phrases,30,13,12,10,12
Phrases,25,13,10,9,11
Phrases,20,13,9,8,10
Phrases,15,13,7,6,8
Phrases,10,13,5,5,6
Phrases,5,13,3,3,4
Phrases,99,14,28,28,28
Phrases,95,14,27,27,27
Phrases,90,14,27,26,27
Phrases,85,14,26,25,26
Phrases,80,14,25,24,25
Phrases,75,14,24,23,25
Phrases,70,14,23,22,24
Phrases,65,14,22,21,23
Phrases,60,14,21,20,22
Phrases,55,14,20,19,21
Phrases,50,14,19,18,20
Phrases,45,14,18,16,19
Phrases,40,14,16,15,17
Phrases,35,14,15,14,16
Phrases,30,14,14,13,15
Phrases,25,14,12,11,13
Phrases,20,14,11,10,12
Phrases,15,14,9,8,10
Phrases,10,14,7,6,8
Phrases,5,14,5,4,5
Phrases,99,15,28,28,28
Phrases,95,15,28,27,28
Phrases,90,15,27,27,27
Phrases,85,15,27,26,27
Phrases,80,15,26,25,26
Phrases,75,15,25,24,26
Phrases,70,15,24,24,25
Phrases,65,15,24,23,24
Phrases,60,15,23,22,23
Phrases,55,15,22,21,23
Phrases,50,15,21,20,22
Phrases,45,15,20,18,21
Phrases,40,15,18,17,20
Phrases,35,15,17,16,18
Phrases,30,15,16,15,17
Phrases,25,15,14,13,16
Phrases,20,15,13,12,14
Phrases,15,15,11,10,12
Phrases,10,15,9,8,10
Phrases,5,15,6,5,7
Phrases,99,16,28,28,28
Phrases,95,16,28,28,28
Phrases,90,16,28,27,28
Phrases,85,16,27,27,27
Phrases,80,16,27,26,27
Phrases,75,16,26,26,27
Phrases,70,16,26,25,26
Phrases,65,16,25,24,26
Phrases,60,16,24,23,25
Phrases,55,16,23,22,24
Phrases,50,16,22,21,23
Phrases,45,16,21,20,22
Phrases,40,16,20,19,21
Phrases,35,16,19,18,20
Phrases,30,16,18,17,19
Phrases,25,16,16,15,18
Phrases,20,16,15,14,16
Phrases,15,16,13,12,14
Phrases,10,16,10,9,12
Phrases,5,16,7,7,8
Phrases,99,17,28,28,28
Phrases,95,17,28,28,28
Phrases,90,17,28,28,28
Phrases,85,17,28,27,28
Phrases,80,17,27,27,27
Phrases,75,17,27,26,27
Phrases,70,17,26,26,27
Phrases,65,17,26,25,26
Phrases,60,17,25,25,26
Phrases,55,17,25,24,25
Phrases,50,17,24,23,25
Phrases,45,17,23,22,24
Phrases,40,17,22,21,23
Phrases,35,17,21,20,22
Phrases,30,17,19,19,21
Phrases,25,17,18,17,19
Phrases,20,17,16,15,18
Phrases,15,17,14,14,16
Phrases,10,17,12,11,13
Phrases,5,17,9,8,10
Phrases,99,18,28,28,28
Phrases,95,18,28,28,28
Phrases,90,18,28,28,28
Phrases,85,18,28,28,28
Phrases,80,18,28,27,28
Phrases,75,18,27,27,28
Phrases,70,18,27,27,27
Phrases,65,18,27,26,27
Phrases,60,18,26,26,27
Phrases,55,18,26,25,26
Phrases,50,18,25,24,26
Phrases,45,18,24,24,25
Phrases,40,18,23,23,24
Phrases,35,18,22,22,23
Phrases,30,18,21,20,22
Phrases,25,18,20,19,21
Phrases,20,18,18,17,20
Phrases,15,18,16,15,18
Phrases,10,18,14,13,15
Phrases,5,18,10,9,11
Later Gestures,99,8,22,24,22
Later Gestures,95,8,15,17,15
Later Gestures,90,8,12,13,12
Later Gestures,85,8,9,11,10
Later Gestures,80,8,8,9,8
Later Gestures,75,8,7,7,7
Later Gestures,70,8,6,6,6
Later Gestures,65,8,5,5,5
Later Gestures,60,8,4,4,4
Later Gestures,55,8,3,4,4
Later Gestures,50,8,3,3,3
Later Gestures,45,8,2,3,3
Later Gestures,40,8,2,2,2
Later Gestures,35,8,2,2,2
Later Gestures,30,8,1,1,1
Later Gestures,25,8,1,1,1
Later Gestures,20,8,1,1,1
Later Gestures,15,8,0,0,0
Later Gestures,10,8,0,0,0
Later Gestures,5,8,0,0,0
Later Gestures,99,9,25,27,25
Later Gestures,95,9,18,20,18
Later Gestures,90,9,15,16,15
Later Gestures,85,9,12,13,12
Later Gestures,80,9,11,11,11
Later Gestures,75,9,9,10,9
Later Gestures,70,9,8,8,8
Later Gestures,65,9,7,7,7
Later Gestures,60,9,6,6,6
Later Gestures,55,9,5,5,5
Later Gestures,50,9,4,5,5
Later Gestures,45,9,4,4,4
Later Gestures,40,9,3,3,3
Later Gestures,35,9,3,3,3
Later Gestures,30,9,2,2,2
Later Gestures,25,9,2,2,2
Later Gestures,20,9,1,1,1
Later Gestures,15,9,1,1,1
Later Gestures,10,9,1,0,1
Later Gestures,5,9,0,0,0
Later Gestures,99,10,29,31,29
Later Gestures,95,10,22,23,22
Later Gestures,90,10,18,19,18
Later Gestures,85,10,16,16,16
Later Gestures,80,10,14,14,14
Later Gestures,75,10,12,13,12
Later Gestures,70,10,11,11,11
Later Gestures,65,10,10,10,10
Later Gestures,60,10,8,9,9
Later Gestures,55,10,7,8,8
Later Gestures,50,10,7,7,7
Later Gestures,45,10,6,6,6
Later Gestures,40,10,5,5,5
Later Gestures,35,10,4,4,4
Later Gestures,30,10,4,3,4
Later Gestures,25,10,3,3,3
Later Gestures,20,10,2,2,2
Later Gestures,15,10,2,1,2
Later Gestures,10,10,1,1,1
Later Gestures,5,10,1,0,1
Later Gestures,99,11,33,34,32
Later Gestures,95,11,26,27,26
Later Gestures,90,11,22,23,22
Later Gestures,85,11,20,20,19
Later Gestures,80,11,17,18,17
Later Gestures,75,11,16,16,16
Later Gestures,70,11,14,14,14
Later Gestures,65,11,13,13,13
Later Gestures,60,11,11,11,12
Later Gestures,55,11,10,10,10
Later Gestures,50,11,9,9,9
Later Gestures,45,11,8,8,8
Later Gestures,40,11,7,7,7
Later Gestures,35,11,6,6,7
Later Gestures,30,11,5,5,6
Later Gestures,25,11,5,4,5
Later Gestures,20,11,4,3,4
Later Gestures,15,11,3,2,3
Later Gestures,10,11,2,2,2
Later Gestures,5,11,1,1,1
Later Gestures,99,12,36,37,35
Later Gestures,95,12,30,31,29
Later Gestures,90,12,26,27,26
Later Gestures,85,12,24,24,23
Later Gestures,80,12,21,21,21
Later Gestures,75,12,19,19,19
Later Gestures,70,12,18,17,18
Later Gestures,65,12,16,16,16
Later Gestures,60,12,15,14,15
Later Gestures,55,12,13,13,14
Later Gestures,50,12,12,12,12
Later Gestures,45,12,11,10,11
Later Gestures,40,12,10,9,10
Later Gestures,35,12,9,8,9
Later Gestures,30,12,8,7,8
Later Gestures,25,12,6,6,7
Later Gestures,20,12,5,5,6
Later Gestures,15,12,4,4,5
Later Gestures,10,12,3,2,4
Later Gestures,5,12,2,1,2
Later Gestures,99,13,39,39,38
Later Gestures,95,13,34,34,33
Later Gestures,90,13,30,30,29
Later Gestures,85,13,28,27,27
Later Gestures,80,13,25,25,25
Later Gestures,75,13,23,23,23
Later Gestures,70,13,22,21,21
Later Gestures,65,13,20,19,20
Later Gestures,60,13,18,17,18
Later Gestures,55,13,17,16,17
Later Gestures,50,13,15,14,16
Later Gestures,45,13,14,13,15
Later Gestures,40,13,13,12,13
Later Gestures,35,13,11,10,12
Later Gestures,30,13,10,9,11
Later Gestures,25,13,9,8,10
Later Gestures,20,13,7,6,8
Later Gestures,15,13,6,5,7
Later Gestures,10,13,4,3,5
Later Gestures,5,13,3,2,3
Later Gestures,99,14,41,41,40
Later Gestures,95,14,37,37,36
Later Gestures,90,14,34,33,33
Later Gestures,85,14,31,31,31
Later Gestures,80,14,29,28,29
Later Gestures,75,14,27,26,27
Later Gestures,70,14,25,24,25
Later Gestures,65,14,23,22,24
Later Gestures,60,14,22,21,22
Later Gestures,55,14,20,19,21
Later Gestures,50,14,19,17,19
Later Gestures,45,14,17,16,18
Later Gestures,40,14,16,14,17
Later Gestures,35,14,14,13,15
Later Gestures,30,14,13,11,14
Later Gestures,25,14,11,10,12
Later Gestures,20,14,9,8,11
Later Gestures,15,14,8,6,9
Later Gestures,10,14,6,5,7
Later Gestures,5,14,4,3,5
Later Gestures,99,15,43,43,42
Later Gestures,95,15,39,39,39
Later Gestures,90,15,36,36,36
Later Gestures,85,15,34,33,34
Later Gestures,80,15,32,31,32
Later Gestures,75,15,30,29,30
Later Gestures,70,15,28,27,29
Later Gestures,65,15,27,25,27
Later Gestures,60,15,25,24,26
Later Gestures,55,15,23,22,24
Later Gestures,50,15,22,20,23
Later Gestures,45,15,20,18,22
Later Gestures,40,15,19,17,20
Later Gestures,35,15,17,15,19
Later Gestures,30,15,15,13,17
Later Gestures,25,15,13,12,15
Later Gestures,20,15,12,10,14
Later Gestures,15,15,10,8,12
Later Gestures,10,15,8,6,10
Later Gestures,5,15,5,4,7
Later Gestures,99,16,44,43,43
Later Gestures,95,16,41,41,41
Later Gestures,90,16,39,38,39
Later Gestures,85,16,37,36,37
Later Gestures,80,16,35,34,35
Later Gestures,75,16,33,32,34
Later Gestures,70,16,31,30,32
Later Gestures,65,16,30,28,31
Later Gestures,60,16,28,26,29
Later Gestures,55,16,26,25,28
Later Gestures,50,16,25,23,27
Later Gestures,45,16,23,21,25
Later Gestures,40,16,21,19,24
Later Gestures,35,16,20,18,22
Later Gestures,30,16,18,16,20
Later Gestures,25,16,16,14,19
Later Gestures,20,16,14,12,17
Later Gestures,15,16,12,10,15
Later Gestures,10,16,9,8,12
Later Gestures,5,16,6,5,9
Later Gestures,99,17,44,44,44
Later Gestures,95,17,42,42,43
Later Gestures,90,17,40,40,41
Later Gestures,85,17,39,38,39
Later Gestures,80,17,37,36,38
Later Gestures,75,17,35,34,37
Later Gestures,70,17,34,32,35
Later Gestures,65,17,32,30,34
Later Gestures,60,17,30,29,33
Later Gestures,55,17,29,27,31
Later Gestures,50,17,27,25,30
Later Gestures,45,17,26,24,28
Later Gestures,40,17,24,22,27
Later Gestures,35,17,22,20,25
Later Gestures,30,17,20,18,24
Later Gestures,25,17,18,16,22
Later Gestures,20,17,16,14,20
Later Gestures,15,17,14,12,17
Later Gestures,10,17,11,9,15
Later Gestures,5,17,8,6,11
Later Gestures,99,18,45,44,45
Later Gestures,95,18,43,43,44
Later Gestures,90,18,42,41,43
Later Gestures,85,18,40,39,41
Later Gestures,80,18,39,38,40
Later Gestures,75,18,37,36,39
Later Gestures,70,18,36,34,38
Later Gestures,65,18,34,33,37
Later Gestures,60,18,33,31,36
Later Gestures,55,18,31,29,34
Later Gestures,50,18,30,28,33
Later Gestures,45,18,28,26,32
Later Gestures,40,18,26,24,30
Later Gestures,35,18,25,22,29
Later Gestures,30,18,23,20,27
Later Gestures,25,18,21,18,25
Later Gestures,20,18,18,16,23
Later Gestures,15,18,16,14,20
Later Gestures,10,18,13,11,17
Later Gestures,5,18,9,7,13
Early Gestures,99,8,16,17,16
Early Gestures,95,8,14,14,14
Early Gestures,90,8,13,13,13
Early Gestures,85,8,11,12,11
Early Gestures,80,8,10,10,11
Early Gestures,75,8,9,9,10
Early Gestures,70,8,9,9,9
Early Gestures,65,8,8,8,8
Early Gestures,60,8,7,7,8
Early Gestures,55,8,6,6,7
Early Gestures,50,8,6,6,6
Early Gestures,45,8,5,5,6
Early Gestures,40,8,4,4,5
Early Gestures,35,8,4,4,5
Early Gestures,30,8,3,3,4
Early Gestures,25,8,3,3,4
Early Gestures,20,8,2,2,3
Early Gestures,15,8,2,1,2
Early Gestures,10,8,1,1,2
Early Gestures,5,8,1,0,1
Early Gestures,99,9,17,17,17
Early Gestures,95,9,15,15,15
Early Gestures,90,9,14,14,14
Early Gestures,85,9,13,13,13
Early Gestures,80,9,12,12,12
Early Gestures,75,9,11,11,11
Early Gestures,70,9,10,10,10
Early Gestures,65,9,9,9,10
Early Gestures,60,9,9,8,9
Early Gestures,55,9,8,7,8
Early Gestures,50,9,7,7,8
Early Gestures,45,9,6,6,7
Early Gestures,40,9,6,5,7
Early Gestures,35,9,5,5,6
Early Gestures,30,9,4,4,5
Early Gestures,25,9,4,3,5
Early Gestures,20,9,3,3,4
Early Gestures,15,9,3,2,3
Early Gestures,10,9,2,1,3
Early Gestures,5,9,1,1,2
Early Gestures,99,10,17,17,17
Early Gestures,95,10,16,16,16
Early Gestures,90,10,15,15,15
Early Gestures,85,10,14,14,14
Early Gestures,80,10,13,13,13
Early Gestures,75,10,12,12,12
Early Gestures,70,10,11,11,12
Early Gestures,65,10,11,10,11
Early Gestures,60,10,10,9,10
Early Gestures,55,10,9,9,10
Early Gestures,50,10,9,8,9
Early Gestures,45,10,8,7,9
Early Gestures,40,10,7,6,8
Early Gestures,35,10,6,6,7
Early Gestures,30,10,6,5,7
Early Gestures,25,10,5,4,6
Early Gestures,20,10,4,4,5
Early Gestures,15,10,3,3,4
Early Gestures,10,10,3,2,3
Early Gestures,5,10,2,1,2
Early Gestures,99,11,18,18,17
Early Gestures,95,11,17,16,16
Early Gestures,90,11,16,15,16
Early Gestures,85,11,15,15,15
Early Gestures,80,11,14,14,14
Early Gestures,75,11,13,13,14
Early Gestures,70,11,13,12,13
Early Gestures,65,11,12,11,12
Early Gestures,60,11,11,11,12
Early Gestures,55,11,11,10,11
Early Gestures,50,11,10,9,10
Early Gestures,45,11,9,8,10
Early Gestures,40,11,8,8,9
Early Gestures,35,11,8,7,9
Early Gestures,30,11,7,6,8
Early Gestures,25,11,6,5,7
Early Gestures,20,11,5,4,6
Early Gestures,15,11,4,4,6
Early Gestures,10,11,3,3,4
Early Gestures,5,11,2,2,3
Early Gestures,99,12,18,18,18
Early Gestures,95,12,17,17,17
Early Gestures,90,12,16,16,16
Early Gestures,85,12,16,15,16
Early Gestures,80,12,15,15,15
Early Gestures,75,12,14,14,14
Early Gestures,70,12,14,13,14
Early Gestures,65,12,13,12,13
Early Gestures,60,12,12,12,13
Early Gestures,55,12,12,11,12
Early Gestures,50,12,11,10,12
Early Gestures,45,12,10,9,11
Early Gestures,40,12,10,9,10
Early Gestures,35,12,9,8,10
Early Gestures,30,12,8,7,9
Early Gestures,25,12,7,6,8
Early Gestures,20,12,6,5,8
Early Gestures,15,12,6,4,7
Early Gestures,10,12,4,3,5
Early Gestures,5,12,3,2,4
Early Gestures,99,13,18,18,18
Early Gestures,95,13,17,17,17
Early Gestures,90,13,17,17,17
Early Gestures,85,13,16,16,16
Early Gestures,80,13,16,15,16
Early Gestures,75,13,15,15,15
Early Gestures,70,13,15,14,15
Early Gestures,65,13,14,13,14
Early Gestures,60,13,13,13,14
Early Gestures,55,13,13,12,13
Early Gestures,50,13,12,11,13
Early Gestures,45,13,11,11,12
Early Gestures,40,13,11,10,12
Early Gestures,35,13,10,9,11
Early Gestures,30,13,9,8,10
Early Gestures,25,13,8,7,9
Early Gestures,20,13,8,6,9
Early Gestures,15,13,6,5,8
Early Gestures,10,13,5,4,6
Early Gestures,5,13,4,3,5
Early Gestures,99,14,18,18,18
Early Gestures,95,14,18,18,18
Early Gestures,90,14,17,17,17
Early Gestures,85,14,17,16,17
Early Gestures,80,14,16,16,16
Early Gestures,75,14,16,15,16
Early Gestures,70,14,15,15,16
Early Gestures,65,14,15,14,15
Early Gestures,60,14,14,14,15
Early Gestures,55,14,14,13,14
Early Gestures,50,14,13,12,14
Early Gestures,45,14,12,11,13
Early Gestures,40,14,12,11,13
Early Gestures,35,14,11,10,12
Early Gestures,30,14,10,9,11
Early Gestures,25,14,9,8,10
Early Gestures,20,14,8,7,10
Early Gestures,15,14,7,6,9
Early Gestures,10,14,6,5,7
Early Gestures,5,14,4,3,6
Early Gestures,99,15,18,18,18
Early Gestures,95,15,18,18,18
Early Gestures,90,15,17,17,17
Early Gestures,85,15,17,17,17
Early Gestures,80,15,17,16,17
Early Gestures,75,15,16,16,16
Early Gestures,70,15,16,15,16
Early Gestures,65,15,15,15,16
Early Gestures,60,15,15,14,15
Early Gestures,55,15,14,14,15
Early Gestures,50,15,14,13,14
Early Gestures,45,15,13,12,14
Early Gestures,40,15,12,12,13
Early Gestures,35,15,12,11,13
Early Gestures,30,15,11,10,12
Early Gestures,25,15,10,9,11
Early Gestures,20,15,9,8,11
Early Gestures,15,15,8,7,10
Early Gestures,10,15,7,5,8
Early Gestures,5,15,5,4,7
Early Gestures,99,16,18,18,18
Early Gestures,95,16,18,18,18
Early Gestures,90,16,18,17,18
Early Gestures,85,16,17,17,17
Early Gestures,80,16,17,17,17
Early Gestures,75,16,17,16,17
Early Gestures,70,16,16,16,17
Early Gestures,65,16,16,15,16
Early Gestures,60,16,15,15,16
Early Gestures,55,16,15,14,16
Early Gestures,50,16,14,14,15
Early Gestures,45,16,14,13,15
Early Gestures,40,16,13,12,14
Early Gestures,35,16,12,11,14
Early Gestures,30,16,12,11,13
Early Gestures,25,16,11,10,12
Early Gestures,20,16,10,9,11
Early Gestures,15,16,9,8,10
Early Gestures,10,16,7,6,9
Early Gestures,5,16,6,4,7
Early Gestures,99,17,18,18,18
Early Gestures,95,17,18,18,18
Early Gestures,90,17,18,18,18
Early Gestures,85,17,17,17,18
Early Gestures,80,17,17,17,17
Early Gestures,75,17,17,17,17
Early Gestures,70,17,17,16,17
Early Gestures,65,17,16,16,17
Early Gestures,60,17,16,15,16
Early Gestures,55,17,15,15,16
Early Gestures,50,17,15,14,16
Early Gestures,45,17,14,14,15
Early Gestures,40,17,14,13,15
Early Gestures,35,17,13,12,14
Early Gestures,30,17,12,11,14
Early Gestures,25,17,12,10,13
Early Gestures,20,17,11,9,12
Early Gestures,15,17,9,8,11
Early Gestures,10,17,8,7,10
Early Gestures,5,17,6,5,8
Early Gestures,99,18,18,18,18
Early Gestures,95,18,18,18,18
Early Gestures,90,18,18,18,18
Early Gestures,85,18,18,18,18
Early Gestures,80,18,17,17,18
Early Gestures,75,18,17,17,17
Early Gestures,70,18,17,17,17
Early Gestures,65,18,17,16,17
Early Gestures,60,18,16,16,17
Early Gestures,55,18,16,15,17
Early Gestures,50,18,15,15,16
Early Gestures,45,18,15,14,16
Early Gestures,40,18,14,14,15
Early Gestures,35,18,14,13,15
Early Gestures,30,18,13,12,14
Early Gestures,25,18,12,11,14
Early Gestures,20,18,11,10,13
Early Gestures,15,18,10,9,12
Early Gestures,10,18,9,7,11
Early Gestures,5,18,7,5,9
Phrases,0,8,9999,0,0
Phrases,0,9,9999,0,0
Phrases,0,10,9999,0,0
Phrases,0,11,9999,0,0
Phrases,0,12,9999,0,0
Phrases,0,13,9999,0,0
Phrases,0,14,9999,0,0
Phrases,0,15,9999,0,0
Phrases,0,16,9999,0,0
Phrases,0,17,9999,0,0
Phrases,0,18,9999,0,0
Words Understood,0,8,0,0,0
Words Understood,0,9,0,0,0
Words Understood,0,10,0,0,0
Words Understood,0,11,0,0,0
Words Understood,0,12,0,0,0
Words Understood,0,13,0,0,0
Words Understood,0,14,0,0,0
Words Understood,0,15,0,0,0
Words Understood,0,16,0,0,0
Words Understood,0,17,0,0,0
Words Understood,0,18,0,0,0
Words Produced,0,8,0,0,0
Words Produced,0,9,0,0,0
Words Produced,0,10,0,0,0
Words Produced,0,11,0,0,0
Words Produced,0,12,0,0,0
Words Produced,0,13,0,0,0
Words Produced,0,14,0,0,0
Words Produced,0,15,0,0,0
Words Produced,0,16,0,0,0
Words Produced,0,17,0,0,0
Words Produced,0,18,0,0,0
Early Gestures,0,8,0,0,0
Early Gestures,0,9,0,0,0
Early Gestures,0,10,0,0,0
Early Gestures,0,11,0,0,0
Early Gestures,0,12,0,0,0
Early Gestures,0,13,0,0,0
Early Gestures,0,14,0,0,0
Early Gestures,0,15,0,0,0
Early Gestures,0,16,0,0,0
Early Gestures,0,17,0,0,0
Early Gestures,0,18,0,0,0
Later Gestures,0,18,0,0,0
Later Gestures,0,17,0,0,0
Later Gestures,0,16,0,0,0
Later Gestures,0,15,0,0,0
Later Gestures,0,14,0,0,0
Later Gestures,0,13,0,0,0
Later Gestures,0,12,0,0,0
Later Gestures,0,11,0,0,0
Later Gestures,0,10,0,0,0
Later Gestures,0,9,0,0,0
Later Gestures,0,8,0,0,0
Total Gestures,0,18,0,0,0
Total Gestures,0,17,0,0,0
Total Gestures,0,16,0,0,0
Total Gestures,0,15,0,0,0
Total Gestures,0,14,0,0,0
Total Gestures,0,13,0,0,0
Total Gestures,0,12,0,0,0
Total Gestures,0,11,0,0,0
Total Gestures,0,10,0,0,0
Total Gestures,0,9,0,0,0
Total Gestures,0,8,0,0,0
